total_return,mdd
0.0014037531247528268,-0.004245925838025972
